Empresa,Año,Mes,Numero Semana,Total Km Prog_Semana,Total Km Ejecut_Semana,Total Puntos_Semana,ICO,ICK
A,2019,7,27,1308494.97,899754.43,5195,57.74,68.76
A,2019,7,28,1475379.88,980945.84,4925,50.21,66.49
A,2019,7,29,1483353.09,954996.62,5595,58.59,64.38
A,2019,7,30,1484716.39,976425.61,5505,56.38,65.77
A,2019,8,31,1483737.82,977606.94,5800,59.33,65.89
A,2019,8,32,1365495.35,932323.38,5095,54.65,68.28
A,2019,8,33,1507552.81,990965.16,5675,57.27,65.73
A,2019,8,34,1365178.64,933747.63,5265,56.39,68.40
A,2019,8,35,1506106.02,1010967.47,5390,53.32,67.12
A,2019,9,36,1503098.07,1012233.43,6340,62.63,67.34
A,2019,9,37,1495105.28,1009515.34,5445,53.94,67.52
A,2019,9,38,1495357.14,996672.98,5885,59.05,66.65
A,2019,9,39,1488851.25,998648.15,5850,58.58,67.08
A,2019,10,40,1488851.25,969305.87,6905,71.24,65.10
A,2019,10,41,1494375.33,1034839.88,7440,71.90,69.25
A,2019,10,42,1353409.61,936361.57,5980,63.86,69.19
A,2019,10,43,1489149.13,994697.45,6440,64.74,66.80
A,2019,11,44,1489201.90,993523.73,6835,68.80,66.72
A,2019,11,45,1342628.23,943424.71,5020,53.21,70.27
A,2019,11,46,1342388.04,919865.53,5835,63.43,68.52
A,2019,11,47,1491232.05,538440.32,5425,100.75,36.11
A,2019,11,48,1316675.01,938414.98,3000,31.97,71.27
A,2019,12,49,1292420.98,917961.44,3095,33.72,71.03
A,2019,12,50,1309810.02,913747.07,5110,55.92,69.76
A,2019,12,51,1305980.23,869963.94,6005,69.03,66.61
A,2019,12,52,1092353.69,825234.70,4575,55.44,75.55
A,2020,1,1,1112277.20,889435.98,4120,46.32,79.97
A,2020,1,2,1121495.46,903213.36,5045,55.86,80.54
A,2020,1,3,1338766.34,990769.87,5830,58.84,74.01
A,2020,1,4,1336503.96,990386.34,5690,57.45,74.10
A,2020,2,5,1433021.34,1002424.23,7100,70.83,69.95
A,2020,2,6,1395764.53,953080.69,5590,58.65,68.28
A,2020,2,7,1365238.55,949119.98,6005,63.27,69.52
A,2020,2,8,1355108.53,942217.27,5305,56.30,69.53
A,2020,2,9,1352921.81,936781.28,5060,54.01,69.24
A,2020,3,10,1348741.03,956913.04,5275,55.13,70.95
A,2020,3,11,1352527.09,971831.28,4260,43.83,71.85
A,2020,3,12,1200384.39,909487.41,3570,39.25,75.77
A,2020,3,13,676109.62,652957.66,1845,28.26,96.58
A,2020,4,14,708575.66,692475.28,1810,26.14,97.73
A,2020,4,15,680808.77,667844.05,1235,18.49,98.10
A,2020,4,16,731257.05,704532.51,1510,21.43,96.35
A,2020,4,17,726539.40,702545.77,1330,18.93,96.70
A,2020,5,18,1054659.28,1027405.88,1175,11.44,97.42
A,2020,5,19,1150034.71,1122809.04,1315,11.71,97.63
A,2020,5,20,1159949.32,1133759.77,910,8.03,97.74
A,2020,5,21,1191832.62,1162795.16,845,7.27,97.56
A,2020,5,22,1098555.90,1070217.87,185,1.73,97.42
A,2020,6,23,1207038.80,1171354.38,435,3.71,97.04
A,2020,6,24,1207343.01,1172188.59,285,2.43,97.09
A,2020,6,25,1103291.88,1074474.19,120,1.12,97.39
A,2020,6,26,1109166.55,1081268.42,425,3.93,97.48
A,2020,7,27,1112441.99,1064974.62,430,4.04,95.73
A,2020,7,28,1221488.17,1180741.75,480,4.07,96.66
A,2020,7,29,1235813.21,1211535.59,265,2.19,98.04
A,2020,7,30,1126495.13,1100366.41,315,2.86,97.68
A,2020,8,31,1237979.20,1208280.45,425,3.52,97.60
A,2020,8,32,1128816.54,1109140.53,295,2.66,98.26
A,2020,8,33,1239328.17,1214663.67,370,3.05,98.01
A,2020,8,34,1129874.65,1106635.76,310,2.80,97.94
A,2020,8,35,1244650.50,1221907.03,325,2.66,98.17
A,2020,9,36,1244863.68,1203107.14,720,5.98,96.65
A,2020,9,37,1203600.64,1085533.08,825,7.60,90.19
A,2020,9,38,1243319.98,1190141.13,2625,22.06,95.72
A,2020,9,39,1220333.19,1151631.87,2265,19.67,94.37
A,2020,10,40,1239218.66,1199825.27,2895,24.13,96.82
A,2020,10,41,1237193.94,1209267.47,2935,24.27,97.74
A,2020,10,42,1125137.47,1097219.34,2340,21.33,97.52
A,2020,10,43,1237297.05,1209711.28,2645,21.86,97.77
A,2020,10,44,1244709.97,1204261.20,3800,31.55,96.75
A,2020,11,45,1129237.11,1089616.75,3620,33.22,96.49
A,2020,11,46,1255115.02,1199989.64,2695,22.46,95.61
A,2020,11,47,1058562.65,1021146.44,2390,23.41,96.47
A,2020,11,48,1048198.75,988959.37,2165,21.89,94.35
A,2020,12,49,1050316.27,992153.75,2665,26.86,94.46
A,2020,12,50,982010.13,925305.75,2460,26.59,94.23
A,2020,12,51,1079127.30,1003892.08,2110,21.02,93.03
A,2020,12,52,951873.85,904475.27,1700,18.80,95.02
A,2021,1,1,882820.28,870744.77,1190,13.67,98.63
A,2021,1,2,968147.68,958501.29,1615,16.85,99.00
A,2021,1,3,879756.77,872052.12,1735,19.90,99.12
A,2021,1,4,1040940.73,1029529.81,1580,15.35,98.90
A,2021,1,5,1034071.57,1020614.03,1805,17.69,98.70
A,2021,2,6,1066575.06,1052642.74,2735,25.98,98.69
A,2021,2,7,1069183.78,1051598.21,2410,22.92,98.36
A,2021,2,8,1071724.85,1051178.04,2300,21.88,98.08
A,2021,2,9,1079799.83,1049130.59,1795,17.11,97.16
A,2021,3,10,1115131.19,1083148.49,2690,24.84,97.13
A,2021,3,11,1114863.72,1082781.80,2100,19.39,97.12
A,2021,3,12,1114557.51,1073125.38,1675,15.61,96.28
A,2021,3,13,1007027.98,975052.43,1510,15.49,96.82
A,2021,4,14,893500.71,878297.95,1370,15.60,98.30
A,2021,4,15,1056331.49,1029900.89,1330,12.91,97.50
A,2021,4,16,998297.14,968552.52,1295,13.37,97.02
A,2021,4,17,1084750.76,1055195.48,1945,18.43,97.28
A,2021,5,18,680505.76,660009.97,595,9.02,96.99
A,2021,5,19,387195.72,373633.83,310,8.30,96.50
A,2021,5,20,950313.26,928067.30,220,2.37,97.66
A,2021,5,21,1042070.58,1012236.80,185,1.83,97.14
A,2021,5,22,974277.48,936819.08,235,2.51,96.16
A,2021,6,23,1171350.93,1127244.49,410,3.64,96.23
A,2021,6,24,1058525.94,1006947.22,280,2.78,95.13
A,2021,6,25,1060764.63,1010848.89,360,3.56,95.29
A,2021,6,26,1176088.72,1124740.38,575,5.11,95.63
B,2019,7,27,400850.37,275430.93,1265,45.93,68.71
B,2019,7,28,467638.06,326702.08,1330,40.71,69.86
B,2019,7,29,472787.86,323865.15,905,27.94,68.50
B,2019,7,30,474882.83,326481.03,1025,31.40,68.75
B,2019,8,31,475125.54,323171.37,1115,34.50,68.02
B,2019,8,32,440969.26,314706.36,1070,34.00,71.37
B,2019,8,33,475323.55,330139.33,1295,39.23,69.46
B,2019,8,34,441026.03,319630.62,1190,37.23,72.47
B,2019,8,35,473847.18,329146.08,1440,43.75,69.46
B,2019,9,36,473847.00,335166.06,1110,33.12,70.73
B,2019,9,37,473621.35,328751.47,1825,55.51,69.41
B,2019,9,38,475227.13,334720.66,1565,46.76,70.43
B,2019,9,39,474500.36,331440.64,1465,44.20,69.85
B,2019,10,40,474500.36,318122.54,1220,38.35,67.04
B,2019,10,41,473739.31,337872.80,1350,39.96,71.32
B,2019,10,42,439194.81,308478.70,1095,35.50,70.24
B,2019,10,43,473167.83,319867.92,1040,32.51,67.60
B,2019,11,44,468590.40,321697.34,880,27.35,68.65
B,2019,11,45,434527.64,314749.96,575,18.27,72.43
B,2019,11,46,434462.98,306693.94,1075,35.05,70.59
B,2019,11,47,470149.60,180286.75,1080,59.90,38.35
B,2019,11,48,440813.92,322034.26,1140,35.40,73.05
B,2019,12,49,440905.31,325993.22,720,22.09,73.94
B,2019,12,50,440149.92,327098.73,1335,40.81,74.32
B,2019,12,51,440622.32,324070.68,970,29.93,73.55
B,2019,12,52,388115.69,322789.87,850,26.33,83.17
B,2020,1,1,404343.18,344522.13,775,22.49,85.21
B,2020,1,2,410807.72,367142.92,990,26.96,89.37
B,2020,1,3,467180.78,372249.72,1050,28.21,79.68
B,2020,1,4,472481.73,371020.71,1225,33.02,78.53
B,2020,2,5,492775.48,352228.48,1020,28.96,71.48
B,2020,2,6,481276.57,344553.04,835,24.23,71.59
B,2020,2,7,450374.26,345927.35,725,20.96,76.81
B,2020,2,8,450133.62,349170.20,805,23.05,77.57
B,2020,2,9,450151.55,338608.90,945,27.91,75.22
B,2020,3,10,450352.74,346191.53,700,20.22,76.87
B,2020,3,11,442874.42,359119.34,910,25.34,81.09
B,2020,3,12,412101.41,355126.52,760,21.40,86.17
B,2020,3,13,278699.21,254384.72,455,17.89,91.28
B,2020,4,14,282205.87,263413.50,685,26.00,93.34
B,2020,4,15,286684.71,272105.09,210,7.72,94.91
B,2020,4,16,329037.83,301877.27,405,13.42,91.75
B,2020,4,17,331187.83,304030.09,475,15.62,91.80
B,2020,5,18,408917.96,395374.33,520,13.15,96.69
B,2020,5,19,444916.62,430084.74,290,6.74,96.67
B,2020,5,20,444875.62,433365.57,270,6.23,97.41
B,2020,5,21,441976.02,427481.65,110,2.57,96.72
B,2020,5,22,413829.86,398388.54,70,1.76,96.27
B,2020,6,23,450019.73,427792.66,60,1.40,95.06
B,2020,6,24,450750.34,428542.86,45,1.05,95.07
B,2020,6,25,421892.18,406959.62,45,1.11,96.46
B,2020,6,26,421630.36,406137.29,70,1.72,96.33
B,2020,7,27,422736.92,402607.25,75,1.86,95.24
B,2020,7,28,459802.56,437815.18,80,1.83,95.22
B,2020,7,29,440496.92,409442.33,105,2.56,92.95
B,2020,7,30,405155.12,389834.85,75,1.92,96.22
B,2020,8,31,423601.66,402913.16,130,3.23,95.12
B,2020,8,32,388695.04,382112.43,55,1.44,98.31
B,2020,8,33,423571.13,413676.56,45,1.09,97.66
B,2020,8,34,387331.33,377072.62,95,2.52,97.35
B,2020,8,35,422810.76,414648.70,165,3.98,98.07
B,2020,9,36,418788.08,405962.23,240,5.91,96.94
B,2020,9,37,403652.78,368842.51,235,6.37,91.38
B,2020,9,38,418795.44,398074.01,735,18.46,95.05
B,2020,9,39,431843.49,401892.17,750,18.66,93.06
B,2020,10,40,385049.17,365367.98,555,15.19,94.89
B,2020,10,41,390890.03,372887.87,560,15.02,95.39
B,2020,10,42,357264.00,343156.48,735,21.42,96.05
B,2020,10,43,389251.65,374746.76,1055,28.15,96.27
B,2020,10,44,440375.82,407273.23,1340,32.90,92.48
B,2020,11,45,404821.83,374714.19,975,26.02,92.56
B,2020,11,46,424538.20,386318.25,1635,42.32,91.00
B,2020,11,47,328012.70,306547.39,940,30.66,93.46
B,2020,11,48,335078.93,309032.73,630,20.39,92.23
B,2020,12,49,330189.55,309538.14,905,29.24,93.75
B,2020,12,50,305134.14,280729.19,1045,37.22,92.00
B,2020,12,51,330020.82,299205.42,735,24.57,90.66
B,2020,12,52,304659.28,275470.27,505,18.33,90.42
B,2021,1,1,129870.57,124743.49,435,34.87,96.05
B,2021,1,2,288139.98,281186.39,965,34.32,97.59
B,2021,1,3,267141.31,262399.98,990,37.73,98.23
B,2021,1,4,302213.45,295445.95,510,17.26,97.76
B,2021,1,5,300246.60,292657.01,570,19.48,97.47
B,2021,2,6,302846.29,294655.41,450,15.27,97.30
B,2021,2,7,304603.67,295425.37,555,18.79,96.99
B,2021,2,8,304546.01,295927.03,400,13.52,97.17
B,2021,2,9,301991.37,291574.95,530,18.18,96.55
B,2021,3,10,321652.39,309107.94,465,15.04,96.10
B,2021,3,11,320966.89,309302.22,360,11.64,96.37
B,2021,3,12,324636.68,309269.68,620,20.05,95.27
B,2021,3,13,328746.40,312228.67,730,23.38,94.98
B,2021,4,14,306665.51,297986.26,360,12.08,97.17
B,2021,4,15,343372.81,326058.26,355,10.89,94.96
B,2021,4,16,305512.24,290937.83,255,8.76,95.23
B,2021,4,17,320476.51,304346.19,495,16.26,94.97
B,2021,5,18,194769.82,185167.61,195,10.53,95.07
B,2021,5,19,119115.06,106190.41,50,4.71,89.15
B,2021,5,20,279685.76,258706.71,15,0.58,92.50
B,2021,5,21,309528.31,295860.26,10,0.34,95.58
B,2021,5,22,282509.81,262595.20,110,4.19,92.95
B,2021,6,23,333952.63,304350.07,55,1.81,91.14
B,2021,6,24,311650.22,294658.22,35,1.19,94.55
B,2021,6,25,315343.47,297721.71,35,1.18,94.41
B,2021,6,26,340129.22,323140.28,130,4.02,95.01
C,2019,7,27,436536.31,368827.42,920,24.94,84.49
C,2019,7,28,467129.56,393819.55,985,25.01,84.31
C,2019,7,29,522361.73,413854.65,675,16.31,79.23
C,2019,7,30,522737.84,419341.00,745,17.77,80.22
C,2019,8,31,522737.84,422618.27,970,22.95,80.85
C,2019,8,32,492550.59,408217.88,1055,25.84,82.88
C,2019,8,33,522568.82,425529.47,1090,25.62,81.43
C,2019,8,34,492442.06,410237.92,985,24.01,83.31
C,2019,8,35,522937.77,432819.34,1370,31.65,82.77
C,2019,9,36,525028.76,427240.53,1040,24.34,81.37
C,2019,9,37,524875.53,431725.42,1195,27.68,82.25
C,2019,9,38,524875.53,431454.09,1425,33.03,82.20
C,2019,9,39,524875.53,433730.32,1335,30.78,82.63
C,2019,10,40,524875.53,410414.45,1280,31.19,78.19
C,2019,10,41,524875.53,428914.50,1205,28.09,81.72
C,2019,10,42,494438.60,411418.05,1130,27.47,83.21
C,2019,10,43,524584.36,417363.65,1645,39.41,79.56
C,2019,11,44,524875.53,416822.88,765,18.35,79.41
C,2019,11,45,494438.60,408744.62,760,18.59,82.67
C,2019,11,46,494233.61,394063.83,965,24.49,79.73
C,2019,11,47,524619.24,229073.89,590,25.76,43.66
C,2019,11,48,465134.16,394428.37,550,13.94,84.80
C,2019,12,49,465090.56,379717.44,670,17.64,81.64
C,2019,12,50,465090.56,378872.25,515,13.59,81.46
C,2019,12,51,465090.56,360157.13,930,25.82,77.44
C,2019,12,52,410833.05,340389.79,585,17.19,82.85
C,2020,1,1,410833.05,370715.51,735,19.83,90.24
C,2020,1,2,410833.05,375275.64,1060,28.25,91.35
C,2020,1,3,465090.56,406637.32,920,22.62,87.43
C,2020,1,4,465090.56,401791.89,825,20.53,86.39
C,2020,2,5,524619.24,401891.18,930,23.14,76.61
C,2020,2,6,528448.13,403196.20,865,21.45,76.30
C,2020,2,7,523354.07,401101.72,1170,29.17,76.64
C,2020,2,8,522981.64,405217.01,1070,26.41,77.48
C,2020,2,9,514237.34,396203.07,1365,34.45,77.05
C,2020,3,10,514237.34,404039.17,950,23.51,78.57
C,2020,3,11,514237.34,417768.70,1280,30.64,81.24
C,2020,3,12,472485.76,410442.78,850,20.71,86.87
C,2020,3,13,315808.06,308599.98,360,11.67,97.72
C,2020,4,14,317901.19,311997.14,405,12.98,98.14
C,2020,4,15,306201.10,301145.26,545,18.10,98.35
C,2020,4,16,316107.69,308920.43,335,10.84,97.73
C,2020,4,17,316048.41,310447.17,470,15.14,98.23
C,2020,5,18,423298.45,418080.95,435,10.40,98.77
C,2020,5,19,452004.75,445029.74,565,12.70,98.46
C,2020,5,20,452130.19,446266.24,710,15.91,98.70
C,2020,5,21,465573.67,458934.09,495,10.79,98.57
C,2020,5,22,442470.07,436242.81,25,0.57,98.59
C,2020,6,23,475782.46,465289.80,75,1.61,97.79
C,2020,6,24,478283.96,467523.79,90,1.93,97.75
C,2020,6,25,443427.86,428670.18,45,1.05,96.67
C,2020,6,26,443039.62,431782.24,100,2.32,97.46
C,2020,7,27,443116.27,424667.21,165,3.89,95.84
C,2020,7,28,477317.20,453646.29,225,4.96,95.04
C,2020,7,29,477317.20,464788.98,175,3.77,97.38
C,2020,7,30,442694.56,429917.82,190,4.42,97.11
C,2020,8,31,477699.66,465298.80,235,5.05,97.40
C,2020,8,32,442694.56,436661.83,245,5.61,98.64
C,2020,8,33,477699.66,469117.10,145,3.09,98.20
C,2020,8,34,442730.33,430188.14,115,2.67,97.17
C,2020,8,35,477701.17,466403.60,160,3.43,97.64
C,2020,9,36,477701.17,453558.30,235,5.18,94.95
C,2020,9,37,457121.84,413712.18,230,5.56,90.50
C,2020,9,38,477666.21,440208.61,845,19.20,92.16
C,2020,9,39,468622.38,442274.57,970,21.93,94.38
C,2020,10,40,487502.71,441723.68,1360,30.79,90.61
C,2020,10,41,485972.51,447723.58,1425,31.83,92.13
C,2020,10,42,450439.76,415217.23,1135,27.34,92.18
C,2020,10,43,485934.54,447197.24,1540,34.44,92.03
C,2020,10,44,485987.78,441136.85,980,22.22,90.77
C,2020,11,45,450224.68,415138.76,660,15.90,92.21
C,2020,11,46,485744.78,439439.78,1000,22.76,90.47
C,2020,11,47,409152.08,385921.24,965,25.01,94.32
C,2020,11,48,408125.03,385726.83,940,24.37,94.51
C,2020,12,49,427020.63,404036.68,800,19.80,94.62
C,2020,12,50,396066.36,375312.35,1195,31.84,94.76
C,2020,12,51,426573.73,394477.70,1450,36.76,92.48
C,2020,12,52,369460.30,335955.98,680,20.24,90.93
C,2021,1,1,339757.63,327778.17,875,26.69,96.47
C,2021,1,2,365130.42,358530.69,1105,30.82,98.19
C,2021,1,3,339777.46,334423.93,730,21.83,98.42
C,2021,1,4,406760.46,398792.17,1085,27.21,98.04
C,2021,1,5,400303.79,391103.88,875,22.37,97.70
C,2021,2,6,419700.86,407462.69,1115,27.36,97.08
C,2021,2,7,420726.90,404664.39,1130,27.92,96.18
C,2021,2,8,420664.43,405711.81,975,24.03,96.45
C,2021,2,9,500901.65,469258.17,1210,25.79,93.68
C,2021,3,10,500839.48,463893.49,955,20.59,92.62
C,2021,3,11,510786.87,455793.51,1120,24.57,89.23
C,2021,3,12,510724.88,439831.12,1100,25.01,86.12
C,2021,3,13,471111.57,415068.79,665,16.02,88.10
C,2021,4,14,428818.22,385175.71,775,20.12,89.82
C,2021,4,15,497993.92,436328.85,720,16.50,87.62
C,2021,4,16,429632.69,390890.93,695,17.78,90.98
C,2021,4,17,453760.03,416885.09,790,18.95,91.87
C,2021,5,18,279825.29,253628.78,990,39.03,90.64
C,2021,5,19,171852.43,157217.55,310,19.72,91.48
C,2021,5,20,415575.32,379175.14,155,4.09,91.24
C,2021,5,21,454054.16,415454.50,70,1.68,91.50
C,2021,5,22,415069.08,369017.46,30,0.81,88.91
C,2021,6,23,497109.66,436394.78,160,3.67,87.79
C,2021,6,24,458520.55,411411.94,95,2.31,89.73
C,2021,6,25,458590.53,415445.39,110,2.65,90.59
C,2021,6,26,499183.92,460886.58,355,7.70,92.33
D,2019,7,27,1365119.06,1330207.27,2520,18.94,97.44
D,2019,7,28,1553349.06,1524576.01,2830,18.56,98.15
D,2019,7,29,1552478.84,1496302.97,3145,21.02,96.38
D,2019,7,30,1556842.23,1524708.79,2170,14.23,97.94
D,2019,8,31,1556842.23,1520916.90,2765,18.18,97.69
D,2019,8,32,1435941.40,1400687.95,2640,18.85,97.54
D,2019,8,33,1556880.31,1497959.54,2850,19.03,96.22
D,2019,8,34,1435851.40,1391030.60,2240,16.10,96.88
D,2019,8,35,1556755.75,1511007.25,2565,16.98,97.06
D,2019,9,36,1556749.88,1512363.85,2895,19.14,97.15
D,2019,9,37,1556549.48,1517102.29,2535,16.71,97.47
D,2019,9,38,1556479.20,1496900.99,2480,16.57,96.17
D,2019,9,39,1556189.44,1489041.14,2905,19.51,95.69
D,2019,10,40,1557716.11,1444882.48,2855,19.76,92.76
D,2019,10,41,1557197.62,1491472.36,3215,21.56,95.78
D,2019,10,42,1435811.53,1354481.82,2800,20.67,94.34
D,2019,10,43,1557005.93,1458363.36,3680,25.23,93.66
D,2019,11,44,1559828.29,1453809.16,2275,15.65,93.20
D,2019,11,45,1431520.79,1331371.48,2745,20.62,93.00
D,2019,11,46,1431525.93,1312717.29,3975,30.28,91.70
D,2019,11,47,1567613.26,783276.96,2680,34.22,49.97
D,2019,11,48,1481362.31,1385136.72,2095,15.12,93.50
D,2019,12,49,1481362.31,1343797.52,2125,15.81,90.71
D,2019,12,50,1481362.31,1339069.52,3335,24.91,90.39
D,2019,12,51,1481362.31,1277872.81,3355,26.25,86.26
D,2019,12,52,1192999.86,1083542.28,2105,19.43,90.83
D,2020,1,1,1052120.99,1019365.98,1610,15.79,96.89
D,2020,1,2,1175110.05,1146077.70,1960,17.10,97.53
D,2020,1,3,1481362.31,1419338.79,2995,21.10,95.81
D,2020,1,4,1481362.31,1419514.97,3560,25.08,95.82
D,2020,2,5,1542955.60,1458580.65,2725,18.68,94.53
D,2020,2,6,1578011.24,1481510.54,2835,19.14,93.88
D,2020,2,7,1543236.71,1473348.26,2845,19.31,95.47
D,2020,2,8,1545577.31,1487930.37,2445,16.43,96.27
D,2020,2,9,1548092.96,1440510.56,3695,25.65,93.05
D,2020,3,10,1553180.57,1438222.72,2825,19.64,92.60
D,2020,3,11,1553190.70,1490170.25,2620,17.58,95.94
D,2020,3,12,1433135.85,1367099.09,2075,15.18,95.39
D,2020,3,13,841727.73,831089.96,1300,15.64,98.74
D,2020,4,14,819710.56,812680.78,1120,13.78,99.14
D,2020,4,15,793433.63,787106.45,1135,14.42,99.20
D,2020,4,16,1012983.31,956868.53,1670,17.45,94.46
D,2020,4,17,1011367.06,1001701.47,1775,17.72,99.04
D,2020,5,18,1430151.54,1417020.91,1855,13.09,99.08
D,2020,5,19,1550501.61,1538555.00,925,6.01,99.23
D,2020,5,20,1561926.77,1550144.16,1010,6.52,99.25
D,2020,5,21,1579474.29,1567628.32,890,5.68,99.25
D,2020,5,22,1463301.29,1448431.88,105,0.72,98.98
D,2020,6,23,1588036.55,1567969.08,315,2.01,98.74
D,2020,6,24,1587930.68,1561621.57,75,0.48,98.34
D,2020,6,25,1456351.80,1429301.73,30,0.21,98.14
D,2020,6,26,1456351.80,1438664.31,190,1.32,98.79
D,2020,7,27,1452174.39,1421084.02,225,1.58,97.86
D,2020,7,28,1580048.72,1547573.78,845,5.46,97.94
D,2020,7,29,1579771.78,1547566.81,395,2.55,97.96
D,2020,7,30,1452537.19,1420945.22,560,3.94,97.83
D,2020,8,31,1579829.51,1565490.82,335,2.14,99.09
D,2020,8,32,1452814.88,1438435.15,580,4.03,99.01
D,2020,8,33,1579900.94,1559367.62,480,3.08,98.70
D,2020,8,34,1452672.01,1428128.14,540,3.78,98.31
D,2020,8,35,1579829.51,1561901.10,665,4.26,98.87
D,2020,9,36,1581302.83,1547927.94,615,3.97,97.89
D,2020,9,37,1505439.33,1404231.93,1300,9.26,93.28
D,2020,9,38,1583037.02,1538922.97,3915,25.44,97.21
D,2020,9,39,1544446.80,1488367.87,3100,20.83,96.37
D,2020,10,40,1583388.12,1546802.68,3330,21.53,97.69
D,2020,10,41,1583394.56,1549499.38,4125,26.62,97.86
D,2020,10,42,1457335.91,1416898.45,3510,24.77,97.23
D,2020,10,43,1592553.13,1544893.15,3035,19.65,97.01
D,2020,10,44,1616536.16,1563088.75,2955,18.90,96.69
D,2020,11,45,1523303.82,1473852.48,2685,18.22,96.75
D,2020,11,46,1656325.00,1602762.01,3000,18.72,96.77
D,2020,11,47,1415300.79,1363946.42,2695,19.76,96.37
D,2020,11,48,1426088.03,1361224.71,2485,18.26,95.45
D,2020,12,49,1450006.86,1407222.15,2045,14.53,97.05
D,2020,12,50,1337453.80,1294589.37,1860,14.37,96.80
D,2020,12,51,1453508.14,1397498.11,2375,16.99,96.15
D,2020,12,52,1270727.53,1195120.08,2715,22.72,94.05
D,2021,1,1,1158585.98,1126046.49,2110,18.74,97.19
D,2021,1,2,1309919.49,1296949.60,2105,16.23,99.01
D,2021,1,3,1255298.51,1242588.48,2085,16.78,98.99
D,2021,1,4,1395832.33,1382871.58,2190,15.84,99.07
D,2021,1,5,1382834.66,1363547.05,2110,15.47,98.61
D,2021,2,6,1396741.91,1374424.91,1855,13.50,98.40
D,2021,2,7,1400296.24,1380923.74,2270,16.44,98.62
D,2021,2,8,1419716.78,1402298.48,2725,19.43,98.77
D,2021,2,9,1414640.62,1388656.23,2480,17.86,98.16
D,2021,3,10,1414281.02,1388363.48,2980,21.46,98.17
D,2021,3,11,1415113.92,1387347.88,2780,20.04,98.04
D,2021,3,12,1481367.90,1435847.73,3005,20.93,96.93
D,2021,3,13,1378446.99,1339791.54,2705,20.19,97.20
D,2021,4,14,1241634.07,1206857.73,2340,19.39,97.20
D,2021,4,15,1432059.46,1398603.89,2520,18.02,97.66
D,2021,4,16,1262130.79,1230046.09,1540,12.52,97.46
D,2021,4,17,1363252.53,1330525.62,1890,14.20,97.60
D,2021,5,18,875773.59,842834.90,1095,12.99,96.24
D,2021,5,19,528212.34,503398.76,365,7.25,95.30
D,2021,5,20,1271456.09,1223155.11,210,1.72,96.20
D,2021,5,21,1386325.58,1343914.05,285,2.12,96.94
D,2021,5,22,1292944.33,1256132.37,400,3.18,97.15
D,2021,6,23,1551345.60,1468021.94,320,2.18,94.63
D,2021,6,24,1413379.49,1337451.29,390,2.92,94.63
D,2021,6,25,1439407.45,1369521.89,730,5.33,95.14
D,2021,6,26,1556575.71,1504474.51,470,3.12,96.65
E,2019,7,27,574642.04,359356.28,1625,45.22,62.54
E,2019,7,28,614817.82,378268.71,1225,32.38,61.53
E,2019,7,29,618210.81,373440.99,1395,37.36,60.41
E,2019,7,30,618210.81,352557.25,1480,41.98,57.03
E,2019,8,31,618856.82,340964.19,1475,43.26,55.10
E,2019,8,32,578047.28,310925.75,1735,55.80,53.79
E,2019,8,33,618857.80,310757.77,1535,49.40,50.21
E,2019,8,34,579190.71,292340.29,1400,47.89,50.47
E,2019,8,35,620200.15,347623.47,1130,32.51,56.05
E,2019,9,36,620198.99,344896.83,2060,59.73,55.61
E,2019,9,37,618826.15,349072.08,1645,47.12,56.41
E,2019,9,38,619853.60,313416.75,2130,67.96,50.56
E,2019,9,39,617987.18,347697.78,2275,65.43,56.26
E,2019,10,40,616206.63,351982.86,2360,67.05,57.12
E,2019,10,41,618000.69,373394.13,2015,53.96,60.42
E,2019,10,42,575584.97,349583.06,2525,72.23,60.74
E,2019,10,43,617971.95,350523.53,2595,74.03,56.72
E,2019,11,44,617319.71,356566.91,1875,52.58,57.76
E,2019,11,45,578473.06,353521.89,1555,43.99,61.11
E,2019,11,46,567292.82,327272.34,2105,64.32,57.69
E,2019,11,47,620544.81,201293.94,1825,90.66,32.44
E,2019,11,48,617640.69,378611.02,1145,30.24,61.30
E,2019,12,49,577520.63,364028.93,1420,39.01,63.03
E,2019,12,50,575685.57,362939.19,1740,47.94,63.04
E,2019,12,51,577520.63,343312.30,1775,51.70,59.45
E,2019,12,52,493463.86,345094.30,1380,39.99,69.93
E,2020,1,1,481520.90,378038.79,1295,34.26,78.51
E,2020,1,2,487833.96,387319.25,1510,38.99,79.40
E,2020,1,3,577520.63,408698.33,1590,38.90,70.77
E,2020,1,4,575685.57,407406.46,1375,33.75,70.77
E,2020,2,5,619475.75,396514.39,1165,29.38,64.01
E,2020,2,6,618504.99,401019.14,1705,42.52,64.84
E,2020,2,7,619475.75,405315.73,1760,43.42,65.43
E,2020,2,8,614223.09,407505.57,1520,37.30,66.34
E,2020,2,9,616058.15,391889.66,1650,42.10,63.61
E,2020,3,10,616429.34,397780.35,1350,33.94,64.53
E,2020,3,11,614203.87,420486.17,1345,31.99,68.46
E,2020,3,12,571330.74,411766.90,1155,28.05,72.07
E,2020,3,13,388759.02,364251.09,890,24.43,93.70
E,2020,4,14,379496.34,363488.47,905,24.90,95.78
E,2020,4,15,384242.26,366779.73,750,20.45,95.46
E,2020,4,16,421351.88,389074.95,930,23.90,92.34
E,2020,4,17,421081.45,398316.02,1065,26.74,94.59
E,2020,5,18,522249.02,502759.52,1060,21.08,96.27
E,2020,5,19,565686.63,536951.68,1205,22.44,94.92
E,2020,5,20,570284.91,530352.91,700,13.20,93.00
E,2020,5,21,568895.05,505165.66,585,11.58,88.80
E,2020,5,22,540430.76,479311.04,90,1.88,88.69
E,2020,6,23,573287.59,512938.41,60,1.17,89.47
E,2020,6,24,571397.72,508212.64,75,1.48,88.94
E,2020,6,25,528253.75,465546.70,75,1.61,88.13
E,2020,6,26,531449.25,476678.09,205,4.30,89.69
E,2020,7,27,531563.89,462698.43,90,1.95,87.04
E,2020,7,28,565697.22,488272.10,195,3.99,86.31
E,2020,7,29,562324.68,520948.24,55,1.06,92.64
E,2020,7,30,523011.05,485074.40,85,1.75,92.75
E,2020,8,31,562121.68,513723.75,165,3.21,91.39
E,2020,8,32,523627.05,495531.60,160,3.23,94.63
E,2020,8,33,561902.68,511199.07,145,2.84,90.98
E,2020,8,34,522494.42,479646.50,70,1.46,91.80
E,2020,8,35,563952.09,516130.35,260,5.04,91.52
E,2020,9,36,563916.85,486828.74,525,10.78,86.33
E,2020,9,37,541235.17,444489.17,540,12.15,82.12
E,2020,9,38,592073.96,499243.68,965,19.33,84.32
E,2020,9,39,582013.14,493557.37,1025,20.77,84.80
E,2020,10,40,580275.83,496441.12,1090,21.96,85.55
E,2020,10,41,579324.17,496327.33,885,17.83,85.67
E,2020,10,42,605962.68,529620.25,915,17.28,87.40
E,2020,10,43,732278.53,636675.38,1350,21.20,86.94
E,2020,10,44,769463.75,658059.33,2010,30.54,85.52
E,2020,11,45,727566.04,622572.94,1050,16.87,85.57
E,2020,11,46,798332.49,671821.66,1930,28.73,84.15
E,2020,11,47,705806.23,592727.07,1015,17.12,83.98
E,2020,11,48,614921.41,562309.39,1000,17.78,91.44
E,2020,12,49,621180.30,561415.85,1280,22.80,90.38
E,2020,12,50,585478.34,547609.17,840,15.34,93.53
E,2020,12,51,627433.25,582340.71,1000,17.17,92.81
E,2020,12,52,584181.45,530649.02,960,18.09,90.84
E,2021,1,1,560068.36,515274.46,815,15.82,92.00
E,2021,1,2,596667.71,573026.61,1135,19.81,96.04
E,2021,1,3,560609.13,540391.40,1240,22.95,96.39
E,2021,1,4,611278.98,597750.57,860,14.39,97.79
E,2021,1,5,602832.57,588587.24,930,15.80,97.64
E,2021,2,6,627653.40,606483.12,1350,22.26,96.63
E,2021,2,7,638795.11,621037.06,975,15.70,97.22
E,2021,2,8,648656.77,624179.66,1155,18.50,96.23
E,2021,2,9,676680.68,639307.23,990,15.49,94.48
E,2021,3,10,676745.76,644826.53,905,14.03,95.28
E,2021,3,11,677229.21,647023.31,930,14.37,95.54
E,2021,3,12,680792.74,634346.25,800,12.61,93.18
E,2021,3,13,673357.53,631725.13,745,11.79,93.82
E,2021,4,14,603993.62,570549.52,885,15.51,94.46
E,2021,4,15,696410.23,657263.69,715,10.88,94.38
E,2021,4,16,640880.27,615350.60,400,6.50,96.02
E,2021,4,17,677162.33,648038.01,690,10.65,95.70
E,2021,5,18,420226.91,394074.70,515,13.07,93.78
E,2021,5,19,244517.87,232338.66,325,13.99,95.02
E,2021,5,20,584891.06,548900.86,100,1.82,93.85
E,2021,5,21,661865.20,626902.21,100,1.60,94.72
E,2021,5,22,593559.09,553898.26,85,1.53,93.32
E,2021,6,23,735345.21,657871.64,275,4.18,89.46
E,2021,6,24,683867.65,623353.48,205,3.29,91.15
E,2021,6,25,697526.25,627389.19,335,5.34,89.94
E,2021,6,26,729999.13,655032.61,185,2.82,89.73
F,2019,7,27,510321.15,310317.29,1760,56.72,60.81
F,2019,7,28,566087.57,342814.59,2470,72.05,60.56
F,2019,7,29,627613.00,350952.38,2650,75.51,55.92
F,2019,7,30,632765.62,356189.25,3125,87.73,56.29
F,2019,8,31,632005.17,363043.73,2110,58.12,57.44
F,2019,8,32,549168.72,337530.06,2180,64.59,61.46
F,2019,8,33,602823.35,348976.85,2315,66.34,57.89
F,2019,8,34,548954.57,340343.50,2285,67.14,62.00
F,2019,8,35,602823.31,352186.51,2470,70.13,58.42
F,2019,9,36,602824.41,353534.76,2265,64.07,58.65
F,2019,9,37,602891.76,359896.28,2220,61.68,59.70
F,2019,9,38,603045.32,360666.92,2140,59.33,59.81
F,2019,9,39,602776.64,355083.30,2255,63.51,58.91
F,2019,10,40,587537.03,357904.34,1960,54.76,60.92
F,2019,10,41,582578.95,375054.28,1900,50.66,64.38
F,2019,10,42,531339.11,358046.50,2225,62.14,67.39
F,2019,10,43,563743.93,374772.70,2910,77.65,66.48
F,2019,11,44,563497.39,366531.00,3190,87.03,65.05
F,2019,11,45,498362.36,344874.02,1815,52.63,69.20
F,2019,11,46,496298.43,339412.61,1860,54.80,68.39
F,2019,11,47,539506.10,195915.08,2130,108.72,36.31
F,2019,11,48,492278.11,346976.09,1915,55.19,70.48
F,2019,12,49,492437.43,342901.53,1335,38.93,69.63
F,2019,12,50,492556.16,337279.51,1485,44.03,68.48
F,2019,12,51,493323.07,317643.81,2185,68.79,64.39
F,2019,12,52,398435.81,300225.20,1545,51.46,75.35
F,2020,1,1,409813.95,339651.26,1390,40.92,82.88
F,2020,1,2,417875.24,346997.66,1730,49.86,83.04
F,2020,1,3,514593.98,372028.83,2240,60.21,72.30
F,2020,1,4,512733.58,361945.57,2380,65.76,70.59
F,2020,2,5,532568.40,361507.67,1700,47.03,67.88
F,2020,2,6,519210.96,348767.49,1845,52.90,67.17
F,2020,2,7,516915.20,349922.21,1670,47.72,67.69
F,2020,2,8,515664.77,346929.52,1640,47.27,67.28
F,2020,2,9,512498.90,343241.31,1705,49.67,66.97
F,2020,3,10,512472.46,350920.93,1445,41.18,68.48
F,2020,3,11,512472.46,353515.80,1540,43.56,68.98
F,2020,3,12,463085.62,334764.87,1440,43.02,72.29
F,2020,3,13,243198.51,233422.67,580,24.85,95.98
F,2020,4,14,252009.09,247043.25,1055,42.71,98.03
F,2020,4,15,251441.82,246807.82,685,27.75,98.16
F,2020,4,16,265814.97,257756.66,1135,44.03,96.97
F,2020,4,17,265734.13,256567.23,1020,39.76,96.55
F,2020,5,18,407026.19,388981.72,695,17.87,95.57
F,2020,5,19,457128.46,433837.16,895,20.63,94.90
F,2020,5,20,452533.10,439666.09,700,15.92,97.16
F,2020,5,21,455308.10,437080.22,310,7.09,96.00
F,2020,5,22,419203.96,403678.68,15,0.37,96.30
F,2020,6,23,459228.72,439699.92,45,1.02,95.75
F,2020,6,24,457624.88,435438.59,60,1.38,95.15
F,2020,6,25,415267.06,390758.12,180,4.61,94.10
F,2020,6,26,413819.08,393827.11,90,2.29,95.17
F,2020,7,27,413242.13,385802.95,140,3.63,93.36
F,2020,7,28,446294.70,423384.55,245,5.79,94.87
F,2020,7,29,447538.71,433692.98,105,2.42,96.91
F,2020,7,30,409578.21,395666.40,205,5.18,96.60
F,2020,8,31,448225.53,439342.52,280,6.37,98.02
F,2020,8,32,411476.68,404226.00,280,6.93,98.24
F,2020,8,33,451528.16,437144.96,235,5.38,96.81
F,2020,8,34,412421.97,397217.29,200,5.04,96.31
F,2020,8,35,449917.68,438124.13,235,5.36,97.38
F,2020,9,36,449958.11,430243.95,530,12.32,95.62
F,2020,9,37,433968.27,388428.70,510,13.13,89.51
F,2020,9,38,446440.59,425520.10,1210,28.44,95.31
F,2020,9,39,434751.03,407662.22,1085,26.62,93.77
F,2020,10,40,440079.81,425160.76,1155,27.17,96.61
F,2020,10,41,439794.72,424702.56,1555,36.61,96.57
F,2020,10,42,402850.70,390402.95,1540,39.45,96.91
F,2020,10,43,438840.63,426044.34,1175,27.58,97.08
F,2020,10,44,438879.43,422644.15,955,22.60,96.30
F,2020,11,45,401905.83,390210.12,845,21.65,97.09
F,2020,11,46,437557.22,413417.89,1425,34.47,94.48
F,2020,11,47,378191.48,361882.81,1200,33.16,95.69
F,2020,11,48,420949.64,388522.41,1220,31.40,92.30
F,2020,12,49,410623.25,388303.24,1175,30.26,94.56
F,2020,12,50,367344.40,354177.57,985,27.81,96.42
F,2020,12,51,405608.91,384873.79,1365,35.47,94.89
F,2020,12,52,364669.30,345291.85,780,22.59,94.69
F,2021,1,1,329406.38,320491.20,1235,38.53,97.29
F,2021,1,2,351200.66,345038.62,1115,32.32,98.25
F,2021,1,3,345541.83,340636.25,895,26.27,98.58
F,2021,1,4,391557.51,383817.79,560,14.59,98.02
F,2021,1,5,395194.12,389859.01,890,22.83,98.65
F,2021,2,6,419095.10,410516.97,1085,26.43,97.95
F,2021,2,7,420715.79,413992.73,955,23.07,98.40
F,2021,2,8,421203.67,414033.78,1015,24.51,98.30
F,2021,2,9,441823.13,429095.25,890,20.74,97.12
F,2021,3,10,455353.96,439244.29,935,21.29,96.46
F,2021,3,11,455355.09,438961.73,905,20.62,96.40
F,2021,3,12,461043.52,436454.09,875,20.05,94.67
F,2021,3,13,421924.01,397766.37,685,17.22,94.27
F,2021,4,14,388224.75,372502.90,650,17.45,95.95
F,2021,4,15,455254.51,437585.81,725,16.57,96.12
F,2021,4,16,420798.20,404846.28,630,15.56,96.21
F,2021,4,17,454154.88,438714.42,805,18.35,96.60
F,2021,5,18,282335.99,267251.98,425,15.90,94.66
F,2021,5,19,164971.60,156219.36,185,11.84,94.69
F,2021,5,20,385144.29,369022.50,110,2.98,95.81
F,2021,5,21,427041.62,412236.90,100,2.43,96.53
F,2021,5,22,401022.29,383368.11,155,4.04,95.60
F,2021,6,23,478610.69,458003.82,245,5.35,95.69
F,2021,6,24,439341.92,417341.31,260,6.23,94.99
F,2021,6,25,441156.75,412408.92,140,3.39,93.48
F,2021,6,26,482332.40,452618.00,325,7.18,93.84
G,2019,7,27,772159.95,580189.30,1935,33.35,75.14
G,2019,7,28,824006.51,615615.22,2290,37.20,74.71
G,2019,7,29,909842.34,607306.25,1345,22.15,66.75
G,2019,7,30,916401.21,610052.04,1805,29.59,66.57
G,2019,8,31,916401.21,617304.60,1870,30.29,67.36
G,2019,8,32,851072.76,590596.11,2115,35.81,69.39
G,2019,8,33,916401.21,609681.58,2355,38.63,66.53
G,2019,8,34,850921.33,593774.62,1830,30.82,69.78
G,2019,8,35,916151.32,613028.01,1985,32.38,66.91
G,2019,9,36,915676.47,611699.22,2930,47.90,66.80
G,2019,9,37,914459.77,608869.99,2490,40.90,66.58
G,2019,9,38,914495.62,607572.96,3405,56.04,66.44
G,2019,9,39,911572.70,591378.02,2895,48.95,64.87
G,2019,10,40,904431.51,583685.29,2440,41.80,64.54
G,2019,10,41,903565.50,607744.40,2970,48.87,67.26
G,2019,10,42,840269.18,570599.95,3310,58.01,67.91
G,2019,10,43,902176.29,575799.26,3230,56.10,63.82
G,2019,11,44,909304.22,575997.46,2195,38.11,63.34
G,2019,11,45,839345.40,557147.89,1630,29.26,66.38
G,2019,11,46,840563.62,553340.23,3460,62.53,65.83
G,2019,11,47,906956.19,323742.72,2670,82.47,35.70
G,2019,11,48,801712.01,593854.79,1910,32.16,74.07
G,2019,12,49,762346.65,560387.63,1810,32.30,73.51
G,2019,12,50,799840.85,581550.79,2920,50.21,72.71
G,2019,12,51,798528.06,557659.59,2575,46.18,69.84
G,2019,12,52,688671.04,541952.52,1905,35.15,78.70
G,2020,1,1,724250.99,623253.15,2265,36.34,86.05
G,2020,1,2,744149.20,674301.66,1735,25.73,90.61
G,2020,1,3,852867.46,667077.75,1995,29.91,78.22
G,2020,1,4,855458.41,659212.95,1875,28.44,77.06
G,2020,2,5,941432.07,627187.45,1815,28.94,66.62
G,2020,2,6,919772.46,612770.26,2425,39.57,66.62
G,2020,2,7,888999.82,616778.60,2950,47.83,69.38
G,2020,2,8,888331.38,628258.25,1705,27.14,70.72
G,2020,2,9,884807.57,605779.21,2050,33.84,68.46
G,2020,3,10,879623.09,613273.78,1630,26.58,69.72
G,2020,3,11,869661.76,634190.78,1465,23.10,72.92
G,2020,3,12,808275.95,591617.77,1355,22.90,73.20
G,2020,3,13,482345.59,444988.89,1280,28.76,92.26
G,2020,4,14,482132.47,463038.39,890,19.22,96.04
G,2020,4,15,490333.78,462346.37,720,15.57,94.29
G,2020,4,16,542395.20,511714.87,720,14.07,94.34
G,2020,4,17,542617.89,516579.22,1180,22.84,95.20
G,2020,5,18,725892.21,691144.37,1195,17.29,95.21
G,2020,5,19,779682.71,740264.29,760,10.27,94.94
G,2020,5,20,782707.82,748558.24,585,7.82,95.64
G,2020,5,21,777005.22,735740.83,325,4.42,94.69
G,2020,5,22,733296.55,647402.46,60,0.93,88.29
G,2020,6,23,774453.71,636556.45,60,0.94,82.19
G,2020,6,24,773876.89,669112.46,75,1.12,86.46
G,2020,6,25,723872.38,644828.53,120,1.86,89.08
G,2020,6,26,717014.34,648488.01,195,3.01,90.44
G,2020,7,27,735547.48,644280.16,195,3.03,87.59
G,2020,7,28,787572.10,695398.08,200,2.88,88.30
G,2020,7,29,813208.23,722742.77,320,4.43,88.88
G,2020,7,30,759306.68,695417.35,280,4.03,91.59
G,2020,8,31,829457.69,766327.60,325,4.24,92.39
G,2020,8,32,772001.82,718811.99,270,3.76,93.11
G,2020,8,33,826881.57,748020.21,340,4.55,90.46
G,2020,8,34,774578.52,723798.84,270,3.73,93.44
G,2020,8,35,830546.69,778864.35,475,6.10,93.78
G,2020,9,36,829665.69,762847.93,650,8.52,91.95
G,2020,9,37,806868.34,697905.14,700,10.03,86.50
G,2020,9,38,829050.63,736739.30,2180,29.59,88.87
G,2020,9,39,835426.45,744098.07,2170,29.16,89.07
G,2020,10,40,995886.14,869498.99,2015,23.17,87.31
G,2020,10,41,1020647.74,875899.68,1995,22.78,85.82
G,2020,10,42,953164.81,840114.31,2445,29.10,88.14
G,2020,10,43,1019759.32,916798.85,2495,27.21,89.90
G,2020,10,44,1018329.75,918163.71,2020,22.00,90.16
G,2020,11,45,951959.64,861411.27,2245,26.06,90.49
G,2020,11,46,1028728.30,923995.40,2280,24.68,89.82
G,2020,11,47,954034.76,867653.29,1915,22.07,90.95
G,2020,11,48,951258.11,877816.88,1785,20.33,92.28
G,2020,12,49,948685.60,874924.02,2140,24.46,92.22
G,2020,12,50,887548.48,832232.11,1920,23.07,93.77
G,2020,12,51,945741.72,870112.22,2075,23.85,92.00
G,2020,12,52,883781.74,791763.07,1780,22.48,89.59
G,2021,1,1,756599.47,728449.93,1620,22.24,96.28
G,2021,1,2,804156.36,778717.53,1930,24.78,96.84
G,2021,1,3,751289.08,734361.96,1760,23.97,97.75
G,2021,1,4,863731.58,848670.68,1435,16.91,98.26
G,2021,1,5,860759.25,845676.52,1505,17.80,98.25
G,2021,2,6,866281.45,845208.34,1665,19.70,97.57
G,2021,2,7,865466.71,848123.30,1225,14.44,98.00
G,2021,2,8,868290.31,850294.71,1820,21.40,97.93
G,2021,2,9,869558.38,838769.32,1415,16.87,96.46
G,2021,3,10,845108.38,817872.59,1230,15.04,96.78
G,2021,3,11,844623.69,817843.54,1305,15.96,96.83
G,2021,3,12,844622.80,808189.96,1400,17.32,95.69
G,2021,3,13,793192.94,759673.23,865,11.39,95.77
G,2021,4,14,737474.62,709552.34,870,12.26,96.21
G,2021,4,15,847159.23,799913.74,1080,13.50,94.42
G,2021,4,16,775482.77,745545.21,960,12.88,96.14
G,2021,4,17,824416.52,787611.88,1335,16.95,95.54
G,2021,5,18,491436.50,468022.20,600,12.82,95.24
G,2021,5,19,309350.38,284169.49,130,4.57,91.86
G,2021,5,20,699549.79,657625.39,80,1.22,94.01
G,2021,5,21,774991.11,737136.75,210,2.85,95.12
G,2021,5,22,748774.28,706808.28,95,1.34,94.40
G,2021,6,23,894329.82,825595.43,215,2.60,92.31
G,2021,6,24,819390.64,768060.17,155,2.02,93.74
G,2021,6,25,833468.72,779617.98,245,3.14,93.54
G,2021,6,26,902459.08,858757.25,165,1.92,95.16
H,2021,1,3,674781.32,633130.61,290,4.58,93.83
H,2021,1,4,274101.54,203271.44,45,2.21,74.16
H,2021,1,5,273636.23,234713.65,40,1.70,85.78
H,2021,2,6,275025.84,231379.51,115,4.97,84.13
H,2021,2,7,274419.50,236304.01,70,2.96,86.11
H,2021,2,8,275613.51,240534.63,140,5.82,87.27
H,2021,2,9,275710.68,251686.78,85,3.38,91.29
H,2021,3,10,275971.32,263365.45,110,4.18,95.43
H,2021,3,11,275937.33,266168.86,155,5.82,96.46
H,2021,3,12,275843.84,260290.31,140,5.38,94.36
H,2021,3,13,264635.00,255762.25,290,11.34,96.65
H,2021,4,14,254006.50,243899.55,100,4.10,96.02
H,2021,4,15,264842.25,255324.05,250,9.79,96.41
H,2021,4,16,255060.07,240072.85,330,13.75,94.12
H,2021,4,17,262959.52,250875.06,55,2.19,95.40
H,2021,5,18,154212.97,141990.46,65,4.58,92.07
H,2021,5,19,66074.69,62587.33,0,0.00,94.72
H,2021,5,20,165687.31,157673.37,55,3.49,95.16
H,2021,5,21,120835.48,115734.30,25,2.16,95.78
H,2021,5,22,117615.17,111576.99,30,2.69,94.87
H,2021,6,24,280163.21,262944.97,125,4.75,93.85
H,2021,6,25,273697.70,256174.48,110,4.29,93.60
H,2021,6,26,268114.11,248917.21,255,10.24,92.84
I,2021,1,2,240190.85,224840.35,275,12.23,93.61
I,2021,1,3,128974.56,124501.59,30,2.41,96.53
I,2021,1,4,133705.87,128886.89,0,0.00,96.40
I,2021,1,5,132982.05,122883.83,30,2.44,92.41
I,2021,2,6,133733.91,124932.46,15,1.20,93.42
I,2021,2,7,133826.54,124779.48,0,0.00,93.24
I,2021,2,8,128555.17,123676.91,285,23.04,96.21
I,2021,2,9,128900.07,121676.55,210,17.26,94.40
I,2021,3,10,128825.82,121408.26,115,9.47,94.24
I,2021,3,11,128957.17,120624.26,145,12.02,93.54
I,2021,3,12,128899.57,118711.71,15,1.26,92.10
I,2021,3,13,124417.24,118297.53,250,21.13,95.08
I,2021,4,14,118962.42,115022.88,70,6.09,96.69
I,2021,4,15,120188.79,116789.81,80,6.85,97.17
I,2021,4,16,115156.17,105421.35,130,12.33,91.55
I,2021,4,17,117172.51,109707.19,60,5.47,93.63
I,2021,5,18,68984.79,63483.57,95,14.96,92.03
I,2021,5,19,30059.07,29562.71,0,0.00,98.35
I,2021,5,20,70159.01,68488.28,15,2.19,97.62
I,2021,5,21,52357.51,50162.74,0,0.00,95.81
I,2021,5,22,49917.38,48155.52,0,0.00,96.47
I,2021,6,24,118801.15,110264.86,235,21.31,92.81
I,2021,6,25,117622.36,108214.05,115,10.63,92.00
I,2021,6,26,115991.68,104245.83,250,23.98,89.87
J,2019,7,27,763163.86,687575.59,1575,22.91,90.10
J,2019,7,28,849668.60,761802.03,1295,17.00,89.66
J,2019,7,29,890210.95,737730.89,1525,20.67,82.87
J,2019,7,30,890213.23,734352.07,1650,22.47,82.49
J,2019,8,31,888478.50,743280.30,1480,19.91,83.66
J,2019,8,32,813766.66,700494.07,1985,28.34,86.08
J,2019,8,33,888545.02,745642.63,1225,16.43,83.92
J,2019,8,34,813593.08,693986.09,970,13.98,85.30
J,2019,8,35,888051.19,749583.73,1425,19.01,84.41
J,2019,9,36,888064.39,749464.29,1245,16.61,84.39
J,2019,9,37,888070.11,748343.44,1885,25.19,84.27
J,2019,9,38,888171.52,739455.53,2030,27.45,83.26
J,2019,9,39,887832.88,739727.31,2385,32.24,83.32
J,2019,10,40,887880.93,702068.75,1960,27.92,79.07
J,2019,10,41,886180.50,727877.51,1755,24.11,82.14
J,2019,10,42,811415.20,649898.38,1795,27.62,80.09
J,2019,10,43,889617.98,697799.19,2195,31.46,78.44
J,2019,11,44,889765.12,695775.98,1880,27.02,78.20
J,2019,11,45,809442.98,658425.06,1305,19.82,81.34
J,2019,11,46,808854.00,645784.75,2235,34.61,79.84
J,2019,11,47,889247.74,378007.93,1090,28.84,42.51
J,2019,11,48,833298.34,663998.60,1290,19.43,79.68
J,2019,12,49,833412.91,657597.30,1275,19.39,78.90
J,2019,12,50,833520.66,636883.73,1705,26.77,76.41
J,2019,12,51,834101.25,595320.80,1695,28.47,71.37
J,2019,12,52,696821.25,564977.97,1155,20.44,81.08
J,2020,1,1,696821.25,572796.19,1260,22.00,82.20
J,2020,1,2,696724.20,624930.47,1435,22.96,89.70
J,2020,1,3,833298.34,660694.07,2145,32.47,79.29
J,2020,1,4,833298.34,637011.18,1515,23.78,76.44
J,2020,2,5,865792.23,623743.54,1960,31.42,72.04
J,2020,2,6,869294.40,633357.68,2230,35.21,72.86
J,2020,2,7,854638.06,655161.76,2095,31.98,76.66
J,2020,2,8,854501.11,660814.97,1690,25.57,77.33
J,2020,2,9,852806.75,644246.40,2225,34.54,75.54
J,2020,3,10,841356.39,651383.23,1975,30.32,77.42
J,2020,3,11,848297.55,685857.24,1990,29.01,80.85
J,2020,3,12,775969.40,653113.59,1345,20.59,84.17
J,2020,3,13,516203.23,490814.70,810,16.50,95.08
J,2020,4,14,467113.44,458406.70,780,17.02,98.14
J,2020,4,15,463607.22,453957.12,645,14.21,97.92
J,2020,4,16,492210.36,477063.92,665,13.94,96.92
J,2020,4,17,493440.28,481684.61,735,15.26,97.62
J,2020,5,18,736529.26,722157.46,585,8.10,98.05
J,2020,5,19,804672.91,786875.48,1115,14.17,97.79
J,2020,5,20,804671.09,793126.69,1335,16.83,98.57
J,2020,5,21,808252.18,797053.01,545,6.84,98.61
J,2020,5,22,749533.81,736727.76,150,2.04,98.29
J,2020,6,23,831045.27,809632.69,30,0.37,97.42
J,2020,6,24,843259.37,826611.81,180,2.18,98.03
J,2020,6,25,774648.23,752036.42,105,1.40,97.08
J,2020,6,26,773635.54,757565.20,105,1.39,97.92
J,2020,7,27,774536.88,749543.80,180,2.40,96.77
J,2020,7,28,848491.52,822601.96,360,4.38,96.95
J,2020,7,29,855521.79,837942.98,390,4.65,97.95
J,2020,7,30,766245.07,748394.03,355,4.74,97.67
J,2020,8,31,833679.95,818892.90,320,3.91,98.23
J,2020,8,32,761414.74,750440.28,345,4.60,98.56
J,2020,8,33,832696.50,820365.05,350,4.27,98.52
J,2020,8,34,761414.74,748567.00,325,4.34,98.31
J,2020,8,35,832696.50,816140.53,290,3.55,98.01
J,2020,9,36,831713.46,810092.54,595,7.34,97.40
J,2020,9,37,802983.16,746758.44,740,9.91,93.00
J,2020,9,38,828660.01,783194.56,2205,28.15,94.51
J,2020,9,39,815792.28,791399.70,2115,26.72,97.01
J,2020,10,40,827635.21,804696.86,2105,26.16,97.23
J,2020,10,41,827344.78,805350.48,2540,31.54,97.34
J,2020,10,42,756638.43,737521.95,1820,24.68,97.47
J,2020,10,43,827840.45,804542.04,2145,26.66,97.19
J,2020,10,44,827417.95,797397.69,2905,36.43,96.37
J,2020,11,45,752167.50,727800.73,2060,28.30,96.76
J,2020,11,46,819523.69,779254.74,2495,32.02,95.09
J,2020,11,47,709720.00,682082.87,2160,31.67,96.11
J,2020,11,48,731518.27,697481.95,2440,34.98,95.35
J,2020,12,49,718771.58,694239.88,3135,45.16,96.59
J,2020,12,50,661200.42,635613.33,2165,34.06,96.13
J,2020,12,51,722007.63,685785.81,1850,26.98,94.98
J,2020,12,52,661140.97,615673.23,1890,30.70,93.12
J,2021,1,1,565576.91,554840.05,1545,27.85,98.10
J,2021,1,2,608550.27,602349.94,1370,22.74,98.98
J,2021,1,3,565519.73,559252.73,945,16.90,98.89
J,2021,1,4,691180.40,678721.44,1205,17.75,98.20
J,2021,1,5,681130.70,672808.96,1720,25.56,98.78
J,2021,2,6,695086.74,685633.68,2450,35.73,98.64
J,2021,2,7,695701.73,683632.43,1920,28.09,98.27
J,2021,2,8,698211.55,688984.17,1265,18.36,98.68
J,2021,2,9,704365.29,691756.20,1455,21.03,98.21
J,2021,3,10,704452.21,692330.65,1205,17.40,98.28
J,2021,3,11,705935.81,694069.70,1450,20.89,98.32
J,2021,3,12,705312.96,687358.45,1420,20.66,97.45
J,2021,3,13,648005.37,634234.63,1100,17.34,97.87
J,2021,4,14,587518.30,577082.77,1175,20.36,98.22
J,2021,4,15,687480.97,671072.84,1155,17.21,97.61
J,2021,4,16,615611.60,604923.97,1410,23.31,98.26
J,2021,4,17,653307.17,642015.18,905,14.10,98.27
J,2021,5,18,417136.89,406162.06,365,8.99,97.37
J,2021,5,19,245025.11,237038.94,185,7.80,96.74
J,2021,5,20,605897.79,592471.42,180,3.04,97.78
J,2021,5,21,664183.73,653735.72,135,2.07,98.43
J,2021,5,22,610006.61,589526.24,195,3.31,96.64
J,2021,6,23,731628.29,704040.21,195,2.77,96.23
J,2021,6,24,667489.13,643538.88,70,1.09,96.41
J,2021,6,25,673961.10,649401.37,150,2.31,96.36
J,2021,6,26,815569.50,780170.58,155,1.99,95.66
K,2019,7,27,198852.64,173214.27,485,28.00,87.11
K,2019,7,28,216780.52,187069.50,550,29.40,86.29
K,2019,7,29,237170.76,188957.24,355,18.79,79.67
K,2019,7,30,237441.06,189866.74,470,24.75,79.96
K,2019,8,31,237435.89,190902.20,810,42.43,80.40
K,2019,8,32,219469.45,184247.37,520,28.22,83.95
K,2019,8,33,237435.89,191077.84,415,21.72,80.48
K,2019,8,34,218802.07,178780.71,815,45.59,81.71
K,2019,8,35,236253.96,190035.75,850,44.73,80.44
K,2019,9,36,236253.96,183678.32,1000,54.44,77.75
K,2019,9,37,236253.96,185245.64,1130,61.00,78.41
K,2019,9,38,236253.96,177996.88,800,44.94,75.34
K,2019,9,39,236253.96,182114.14,710,38.99,77.08
K,2019,10,40,236220.06,166845.19,840,50.35,70.63
K,2019,10,41,237161.85,185304.38,770,41.55,78.13
K,2019,10,42,219862.38,173067.73,715,41.31,78.72
K,2019,10,43,238096.36,181246.33,815,44.97,76.12
K,2019,11,44,237960.54,174804.36,625,35.75,73.46
K,2019,11,45,219951.57,169549.89,935,55.15,77.09
K,2019,11,46,220157.12,165370.93,660,39.91,75.11
K,2019,11,47,238217.43,98137.56,665,67.76,41.20
K,2019,11,48,210403.84,169673.25,385,22.69,80.64
K,2019,12,49,210279.54,164230.43,510,31.05,78.10
K,2019,12,50,210539.46,164057.03,795,48.46,77.92
K,2019,12,51,212008.66,153564.46,560,36.47,72.43
K,2019,12,52,185149.31,149174.99,335,22.46,80.57
K,2020,1,1,185081.52,160042.03,310,19.37,86.47
K,2020,1,2,185115.42,159500.21,305,19.12,86.16
K,2020,1,3,212958.00,179825.51,585,32.53,84.44
K,2020,1,4,212991.90,173652.50,430,24.76,81.53
K,2020,2,5,238217.43,171587.32,495,28.85,72.03
K,2020,2,6,238746.53,179669.67,510,28.39,75.26
K,2020,2,7,237971.56,191563.19,615,32.10,80.50
K,2020,2,8,232865.76,182724.02,895,48.98,78.47
K,2020,2,9,232831.86,181303.35,870,47.99,77.87
K,2020,3,10,232831.86,179267.72,855,47.69,76.99
K,2020,3,11,227757.04,183109.62,550,30.04,80.40
K,2020,3,12,208701.43,180584.90,355,19.66,86.53
K,2020,3,13,134972.44,132326.40,360,27.21,98.04
K,2020,4,14,127769.27,126074.93,320,25.38,98.67
K,2020,4,15,127651.60,126142.32,140,11.10,98.82
K,2020,4,16,134873.20,132392.92,225,16.99,98.16
K,2020,4,17,134907.10,133161.32,315,23.66,98.71
K,2020,5,18,187603.69,185871.35,520,27.98,99.08
K,2020,5,19,201351.10,198120.44,470,23.72,98.40
K,2020,5,20,201419.83,196037.95,175,8.93,97.33
K,2020,5,21,208970.33,206815.30,145,7.01,98.97
K,2020,5,22,195058.59,192326.13,90,4.68,98.60
K,2020,6,23,210582.80,207100.35,30,1.45,98.35
K,2020,6,24,210582.80,205736.47,0,0.00,97.70
K,2020,6,25,194324.00,189255.04,45,2.38,97.39
K,2020,6,26,193951.06,189054.94,15,0.79,97.48
K,2020,7,27,194115.75,186842.44,15,0.80,96.25
K,2020,7,28,209971.08,201038.20,115,5.72,95.75
K,2020,7,29,209971.08,200867.77,60,2.99,95.66
K,2020,7,30,193752.42,183637.44,160,8.71,94.78
K,2020,8,31,209349.77,204970.92,130,6.34,97.91
K,2020,8,32,193718.53,190263.40,85,4.47,98.22
K,2020,8,33,209331.63,202516.08,45,2.22,96.74
K,2020,8,34,193736.30,184369.10,50,2.71,95.16
K,2020,8,35,209331.63,198434.37,165,8.32,94.79
K,2020,9,36,209331.63,192776.13,115,5.97,92.09
K,2020,9,37,200720.70,177557.97,195,10.98,88.46
K,2020,9,38,209331.63,184059.60,640,34.77,87.93
K,2020,9,39,205251.13,186848.04,585,31.31,91.03
K,2020,10,40,209518.95,184623.93,405,21.94,88.12
K,2020,10,41,209518.95,189234.22,655,34.61,90.32
K,2020,10,42,193760.66,177033.26,515,29.09,91.37
K,2020,10,43,209161.85,190653.77,645,33.83,91.15
K,2020,10,44,208794.95,180927.71,710,39.24,86.65
K,2020,11,45,193192.92,174938.48,525,30.01,90.55
K,2020,11,46,208796.86,179663.58,765,42.58,86.05
K,2020,11,47,175962.95,160080.68,615,38.42,90.97
K,2020,11,48,178553.13,167280.00,535,31.98,93.69
K,2020,12,49,179485.16,166197.59,485,29.18,92.60
K,2020,12,50,166816.46,153843.81,485,31.53,92.22
K,2020,12,51,175185.35,160679.69,785,48.85,91.72
K,2020,12,52,149375.91,132472.24,345,26.04,88.68
K,2021,1,1,146819.64,141298.43,255,18.05,96.24
K,2021,1,2,157382.75,155303.54,330,21.25,98.68
K,2021,1,3,146819.64,144931.02,675,46.57,98.71
K,2021,1,4,166302.76,163183.79,510,31.25,98.12
K,2021,1,5,163404.03,158707.02,530,33.39,97.13
K,2021,2,6,173482.22,166553.78,260,15.61,96.01
K,2021,2,7,173649.26,168406.02,530,31.47,96.98
K,2021,2,8,173649.26,166598.62,515,30.91,95.94
K,2021,2,9,176767.80,166540.53,370,22.22,94.21
K,2021,3,10,176695.52,166071.10,345,20.77,93.99
K,2021,3,11,189517.42,175594.48,145,8.26,92.65
K,2021,3,12,189425.39,173803.21,420,24.17,91.75
K,2021,3,13,176076.74,162536.32,195,12.00,92.31
K,2021,4,14,162728.43,155302.56,340,21.89,95.44
K,2021,4,15,182269.91,167649.59,320,19.09,91.98
K,2021,4,16,158498.22,149295.54,190,12.73,94.19
K,2021,4,17,169756.09,159505.01,130,8.15,93.96
K,2021,5,18,104420.20,95146.97,135,14.19,91.12
K,2021,5,19,70752.11,65753.36,75,11.41,92.93
K,2021,5,20,169870.65,160356.48,60,3.74,94.40
K,2021,5,21,189643.88,173096.63,25,1.44,91.27
K,2021,5,22,169987.34,147152.23,105,7.14,86.57
K,2021,6,23,203162.12,176489.92,45,2.55,86.87
K,2021,6,24,190188.12,167309.29,15,0.90,87.97
K,2021,6,25,189838.12,167723.38,115,6.86,88.35
K,2021,6,26,203081.72,185936.63,45,2.42,91.56
